Workbook

Sheet Daily Data
I3: Date
C4: KOHLS.COM
A6: Sr # | B6: Date | C6: Customer | D6: Order # | E6: JS Style # | F6: Order Pcs. | G6: COST | H6: Price | I6: Service | J6: Tracking # | K6: INV # | L6: Customer Sku | M6: Right Click Style #
E7: =VLOOKUP(L7,'SKU Data'!A:B,2,0) | G7: =VLOOKUP(L7,'SKU Data'!A:C,3,0) | H7: =F7*G7 | M7: =VLOOKUP(L7,'SKU Data'!A:D,4,0)
E8: =VLOOKUP(L8,'SKU Data'!A:B,2,0) | G8: =VLOOKUP(L8,'SKU Data'!A:C,3,0) | H8: =F8*G8 | M8: =VLOOKUP(L8,'SKU Data'!A:D,4,0)
E9: =VLOOKUP(L9,'SKU Data'!A:B,2,0) | G9: =VLOOKUP(L9,'SKU Data'!A:C,3,0) | H9: =F9*G9 | M9: =VLOOKUP(L9,'SKU Data'!A:D,4,0)
E10: =VLOOKUP(L10,'SKU Data'!A:B,2,0) | G10: =VLOOKUP(L10,'SKU Data'!A:C,3,0) | H10: =F10*G10 | M10: =VLOOKUP(L10,'SKU Data'!A:D,4,0)
E11: =VLOOKUP(L11,'SKU Data'!A:B,2,0) | G11: =VLOOKUP(L11,'SKU Data'!A:C,3,0) | H11: =F11*G11 | M11: =VLOOKUP(L11,'SKU Data'!A:D,4,0)
E12: =VLOOKUP(L12,'SKU Data'!A:B,2,0) | G12: =VLOOKUP(L12,'SKU Data'!A:C,3,0) | H12: =F12*G12 | M12: =VLOOKUP(L12,'SKU Data'!A:D,4,0)
E13: =VLOOKUP(L13,'SKU Data'!A:B,2,0) | G13: =VLOOKUP(L13,'SKU Data'!A:C,3,0) | H13: =F13*G13 | M13: =VLOOKUP(L13,'SKU Data'!A:D,4,0)
E14: =VLOOKUP(L14,'SKU Data'!A:B,2,0) | G14: =VLOOKUP(L14,'SKU Data'!A:C,3,0) | H14: =F14*G14 | M14: =VLOOKUP(L14,'SKU Data'!A:D,4,0)
E15: =VLOOKUP(L15,'SKU Data'!A:B,2,0) | G15: =VLOOKUP(L15,'SKU Data'!A:C,3,0) | H15: =F15*G15 | M15: =VLOOKUP(L15,'SKU Data'!A:D,4,0)
E16: =VLOOKUP(L16,'SKU Data'!A:B,2,0) | G16: =VLOOKUP(L16,'SKU Data'!A:C,3,0) | H16: =F16*G16 | M16: =VLOOKUP(L16,'SKU Data'!A:D,4,0)
E17: =VLOOKUP(L17,'SKU Data'!A:B,2,0) | G17: =VLOOKUP(L17,'SKU Data'!A:C,3,0) | H17: =F17*G17 | M17: =VLOOKUP(L17,'SKU Data'!A:D,4,0)
E18: =VLOOKUP(L18,'SKU Data'!A:B,2,0) | G18: =VLOOKUP(L18,'SKU Data'!A:C,3,0) | H18: =F18*G18 | M18: =VLOOKUP(L18,'SKU Data'!A:D,4,0)
... E500: =VLOOKUP(L500,'SKU Data'!A:B,2,0) | G500: =VLOOKUP(L500,'SKU Data'!A:C,3,0) | H500: =F500*G500 | M500: =VLOOKUP(L500,'SKU Data'!A:D,4,0)

Sheet SKU Data
A2: Sku # | B2: Style # | C2: Cost | D2: Right Click Style #
A3: 000000000001 | B3: AB0001A0001Q | C3: 45 | D3: AB0001A0001Q
A4: 000000000002 | B4: CD0002B0002R | C4: 52.5 | D4: CD0002B0002R
